Tỉnh Thành Phố,Mã TP,Quận Huyện,Mã QH,Phường Xã,Mã PX,Cấp,Tên Tiếng Anh
Thành phố Hà Nội,01,Quận Ba Đình,001,Phường Phúc Xá,00001,Phường,
Thành phố Hà Nội,01,Quận Ba Đình,001,Phường Trúc Bạch,00004,Phường,
Thành phố Hà Nội,01,Quận Ba Đình,001,Phường Vĩnh Phúc,00006,Phường,Vinh Phuc Commune
Thành phố Hà Nội,01,Quận Ba Đình,001,Phường Cống Vị,00007,Phường,
Thành phố Hà Nội,01,Quận Ba Đình,001,Phường Liễu Giai,00008,Phường,Lieu Giai Commune
Thành phố Hà Nội,01,Quận Ba Đình,001,Phường Nguyễn Trung Trực,00010,Phường,
Thành phố Hà Nội,01,Quận Ba Đình,001,Phường Quán Thánh,00013,Phường,
Thành phố Hà Nội,01,Quận Ba Đình,001,Phường Ngọc Hà,00016,Phường,
Thành phố Hà Nội,01,Quận Ba Đình,001,Phường Điện Biên,00019,Phường,
Thành phố Hà Nội,01,Quận Ba Đình,001,Phường Đội Cấn,00022,Phường,
Thành phố Hà Nội,01,Quận Ba Đình,001,Phường Ngọc Khánh,00025,Phường,
Thành phố Hà Nội,01,Quận Ba Đình,001,Phường Kim Mã,00028,Phường,
Thành phố Hà Nội,01,Quận Ba Đình,001,Phường Giảng Võ,00031,Phường,
Thành phố Hà Nội,01,Quận Ba Đình,001,Phường Thành Công,00034,Phường,
Thành phố Hà Nội,01,Quận Hoàn Kiếm,002,Phường Phúc Tân,00037,Phường,
Thành phố Hà Nội,01,Quận Hoàn Kiếm,002,Phường Đồng Xuân,00040,Phường,
Thành phố Hà Nội,01,Quận Hoàn Kiếm,002,Phường Hàng Mã,00043,Phường,
Thành phố Hà Nội,01,Quận Hoàn Kiếm,002,Phường Hàng Buồm,00046,Phường,
Thành phố Hà Nội,01,Quận Hoàn Kiếm,002,Phường Hàng Đào,00049,Phường,
Thành phố Hà Nội,01,Quận Hoàn Kiếm,002,Phường Hàng Bồ,00052,Phường,
Thành phố Hà Nội,01,Quận Hoàn Kiếm,002,Phường Cửa Đông,00055,Phường,
Thành phố Hà Nội,01,Quận Hoàn Kiếm,002,Phường Lý Thái Tổ,00058,Phường,
Thành phố Hà Nội,01,Quận Hoàn Kiếm,002,Phường Hàng Bạc,00061,Phường,
Thành phố Hà Nội,01,Quận Hoàn Kiếm,002,Phường Hàng Gai,00064,Phường,
Thành phố Hà Nội,01,Quận Hoàn Kiếm,002,Phường Chương Dương,00067,Phường,
Thành phố Hà Nội,01,Quận Hoàn Kiếm,002,Phường Hàng Trống,00070,Phường,
Thành phố Hà Nội,01,Quận Hoàn Kiếm,002,Phường Cửa Nam,00073,Phường,
Thành phố Hà Nội,01,Quận Hoàn Kiếm,002,Phường Hàng Bông,00076,Phường,
Thành phố Hà Nội,01,Quận Hoàn Kiếm,002,Phường Tràng Tiền,00079,Phường,
Thành phố Hà Nội,01,Quận Hoàn Kiếm,002,Phường Trần Hưng Đạo,00082,Phường,
Thành phố Hà Nội,01,Quận Hoàn Kiếm,002,Phường Phan Chu Trinh,00085,Phường,
Thành phố Hà Nội,01,Quận Hoàn Kiếm,002,Phường Hàng Bài,00088,Phường,
Thành phố Hà Nội,01,Quận Tây Hồ,003,Phường Phú Thượng,00091,Phường,
Thành phố Hà Nội,01,Quận Tây Hồ,003,Phường Nhật Tân,00094,Phường,
Thành phố Hà Nội,01,Quận Tây Hồ,003,Phường Tứ Liên,00097,Phường,
Thành phố Hà Nội,01,Quận Tây Hồ,003,Phường Quảng An,00100,Phường,
Thành phố Hà Nội,01,Quận Tây Hồ,003,Phường Xuân La,00103,Phường,
Thành phố Hà Nội,01,Quận Tây Hồ,003,Phường Yên Phụ,00106,Phường,
Thành phố Hà Nội,01,Quận Tây Hồ,003,Phường Bưởi,00109,Phường,
Thành phố Hà Nội,01,Quận Tây Hồ,003,Phường Thụy Khuê,00112,Phường,
Thành phố Hà Nội,01,Quận Long Biên,004,Phường Thượng Thanh,00115,Phường,
Thành phố Hà Nội,01,Quận Long Biên,004,Phường Ngọc Thụy,00118,Phường,
Thành phố Hà Nội,01,Quận Long Biên,004,Phường Giang Biên,00121,Phường,
Thành phố Hà Nội,01,Quận Long Biên,004,Phường Đức Giang,00124,Phường,
Thành phố Hà Nội,01,Quận Long Biên,004,Phường Việt Hưng,00127,Phường,
Thành phố Hà Nội,01,Quận Long Biên,004,Phường Gia Thụy,00130,Phường,
Thành phố Hà Nội,01,Quận Long Biên,004,Phường Ngọc Lâm,00133,Phường,
Thành phố Hà Nội,01,Quận Long Biên,004,Phường Phúc Lợi,00136,Phường,
Thành phố Hà Nội,01,Quận Long Biên,004,Phường Bồ Đề,00139,Phường,
Thành phố Hà Nội,01,Quận Long Biên,004,Phường Sài Đồng,00142,Phường,
Thành phố Hà Nội,01,Quận Long Biên,004,Phường Long Biên,00145,Phường,
Thành phố Hà Nội,01,Quận Long Biên,004,Phường Thạch Bàn,00148,Phường,
Thành phố Hà Nội,01,Quận Long Biên,004,Phường Phúc Đồng,00151,Phường,
Thành phố Hà Nội,01,Quận Long Biên,004,Phường Cự Khối,00154,Phường,
Thành phố Hà Nội,01,Quận Cầu Giấy,005,Phường Nghĩa Đô,00157,Phường,
Thành phố Hà Nội,01,Quận Cầu Giấy,005,Phường Nghĩa Tân,00160,Phường,
Thành phố Hà Nội,01,Quận Cầu Giấy,005,Phường Mai Dịch,00163,Phường,
Thành phố Hà Nội,01,Quận Cầu Giấy,005,Phường Dịch Vọng,00166,Phường,
Thành phố Hà Nội,01,Quận Cầu Giấy,005,Phường Dịch Vọng Hậu,00167,Phường,Dich Vong Hau Commune
Thành phố Hà Nội,01,Quận Cầu Giấy,005,Phường Quan Hoa,00169,Phường,
Thành phố Hà Nội,01,Quận Cầu Giấy,005,Phường Yên Hoà,00172,Phường,
Thành phố Hà Nội,01,Quận Cầu Giấy,005,Phường Trung Hoà,00175,Phường,
Thành phố Hà Nội,01,Quận Đống Đa,006,Phường Cát Linh,00178,Phường,
Thành phố Hà Nội,01,Quận Đống Đa,006,Phường Văn Miếu,00181,Phường,
Thành phố Hà Nội,01,Quận Đống Đa,006,Phường Quốc Tử Giám,00184,Phường,
Thành phố Hà Nội,01,Quận Đống Đa,006,Phường Láng Thượng,00187,Phường,
Thành phố Hà Nội,01,Quận Đống Đa,006,Phường Ô Chợ Dừa,00190,Phường,
Thành phố Hà Nội,01,Quận Đống Đa,006,Phường Văn Chương,00193,Phường,
Thành phố Hà Nội,01,Quận Đống Đa,006,Phường Hàng Bột,00196,Phường,
Thành phố Hà Nội,01,Quận Đống Đa,006,Phường Láng Hạ,00199,Phường,
Thành phố Hà Nội,01,Quận Đống Đa,006,Phường Khâm Thiên,00202,Phường,
Thành phố Hà Nội,01,Quận Đống Đa,006,Phường Thổ Quan,00205,Phường,
Thành phố Hà Nội,01,Quận Đống Đa,006,Phường Nam Đồng,00208,Phường,
Thành phố Hà Nội,01,Quận Đống Đa,006,Phường Trung Phụng,00211,Phường,
Thành phố Hà Nội,01,Quận Đống Đa,006,Phường Quang Trung,00214,Phường,
Thành phố Hà Nội,01,Quận Đống Đa,006,Phường Trung Liệt,00217,Phường,
Thành phố Hà Nội,01,Quận Đống Đa,006,Phường Phương Liên,00220,Phường,
Thành phố Hà Nội,01,Quận Đống Đa,006,Phường Thịnh Quang,00223,Phường,
Thành phố Hà Nội,01,Quận Đống Đa,006,Phường Trung Tự,00226,Phường,
Thành phố Hà Nội,01,Quận Đống Đa,006,Phường Kim Liên,00229,Phường,
Thành phố Hà Nội,01,Quận Đống Đa,006,Phường Phương Mai,00232,Phường,
Thành phố Hà Nội,01,Quận Đống Đa,006,Phường Ngã Tư Sở,00235,Phường,
Thành phố Hà Nội,01,Quận Đống Đa,006,Phường Khương Thượng,00238,Phường,
Thành phố Hà Nội,01,Quận Hai Bà Trưng,007,Phường Nguyễn Du,00241,Phường,
Thành phố Hà Nội,01,Quận Hai Bà Trưng,007,Phường Bạch Đằng,00244,Phường,
Thành phố Hà Nội,01,Quận Hai Bà Trưng,007,Phường Phạm Đình Hổ,00247,Phường,
Thành phố Hà Nội,01,Quận Hai Bà Trưng,007,Phường Bùi Thị Xuân,00250,Phường,
Thành phố Hà Nội,01,Quận Hai Bà Trưng,007,Phường Ngô Thì Nhậm,00253,Phường,
Thành phố Hà Nội,01,Quận Hai Bà Trưng,007,Phường Lê Đại Hành,00256,Phường,
Thành phố Hà Nội,01,Quận Hai Bà Trưng,007,Phường Đồng Nhân,00259,Phường,
Thành phố Hà Nội,01,Quận Hai Bà Trưng,007,Phường Phố Huế,00262,Phường,
Thành phố Hà Nội,01,Quận Hai Bà Trưng,007,Phường Đống Mác,00265,Phường,
Thành phố Hà Nội,01,Quận Hai Bà Trưng,007,Phường Thanh Lương,00268,Phường,
Thành phố Hà Nội,01,Quận Hai Bà Trưng,007,Phường Thanh Nhàn,00271,Phường,
Thành phố Hà Nội,01,Quận Hai Bà Trưng,007,Phường Cầu Dền,00274,Phường,
Thành phố Hà Nội,01,Quận Hai Bà Trưng,007,Phường Bách Khoa,00277,Phường,
Thành phố Hà Nội,01,Quận Hai Bà Trưng,007,Phường Đồng Tâm,00280,Phường,
Thành phố Hà Nội,01,Quận Hai Bà Trưng,007,Phường Vĩnh Tuy,00283,Phường,
Thành phố Hà Nội,01,Quận Hai Bà Trưng,007,Phường Bạch Mai,00286,Phường,
Thành phố Hà Nội,01,Quận Hai Bà Trưng,007,Phường Quỳnh Mai,00289,Phường,
Thành phố Hà Nội,01,Quận Hai Bà Trưng,007,Phường Quỳnh Lôi,00292,Phường,
Thành phố Hà Nội,01,Quận Hai Bà Trưng,007,Phường Minh Khai,00295,Phường,
Thành phố Hà Nội,01,Quận Hai Bà Trưng,007,Phường Trương Định,00298,Phường,
Thành phố Hà Nội,01,Quận Hoàng Mai,008,Phường Thanh Trì,00301,Phường,
Thành phố Hà Nội,01,Quận Hoàng Mai,008,Phường Vĩnh Hưng,00304,Phường,
Thành phố Hà Nội,01,Quận Hoàng Mai,008,Phường Định Công,00307,Phường,
Thành phố Hà Nội,01,Quận Hoàng Mai,008,Phường Mai Động,00310,Phường,
Thành phố Hà Nội,01,Quận Hoàng Mai,008,Phường Tương Mai,00313,Phường,
Thành phố Hà Nội,01,Quận Hoàng Mai,008,Phường Đại Kim,00316,Phường,
Thành phố Hà Nội,01,Quận Hoàng Mai,008,Phường Tân Mai,00319,Phường,
Thành phố Hà Nội,01,Quận Hoàng Mai,008,Phường Hoàng Văn Thụ,00322,Phường,
Thành phố Hà Nội,01,Quận Hoàng Mai,008,Phường Giáp Bát,00325,Phường,
Thành phố Hà Nội,01,Quận Hoàng Mai,008,Phường Lĩnh Nam,00328,Phường,
Thành phố Hà Nội,01,Quận Hoàng Mai,008,Phường Thịnh Liệt,00331,Phường,
Thành phố Hà Nội,01,Quận Hoàng Mai,008,Phường Trần Phú,00334,Phường,
Thành phố Hà Nội,01,Quận Hoàng Mai,008,Phường Hoàng Liệt,00337,Phường,
Thành phố Hà Nội,01,Quận Hoàng Mai,008,Phường Yên Sở,00340,Phường,
Thành phố Hà Nội,01,Quận Thanh Xuân,009,Phường Nhân Chính,00343,Phường,
Thành phố Hà Nội,01,Quận Thanh Xuân,009,Phường Thượng Đình,00346,Phường,
Thành phố Hà Nội,01,Quận Thanh Xuân,009,Phường Khương Trung,00349,Phường,
Thành phố Hà Nội,01,Quận Thanh Xuân,009,Phường Khương Mai,00352,Phường,
Thành phố Hà Nội,01,Quận Thanh Xuân,009,Phường Thanh Xuân Trung,00355,Phường,
Thành phố Hà Nội,01,Quận Thanh Xuân,009,Phường Phương Liệt,00358,Phường,
Thành phố Hà Nội,01,Quận Thanh Xuân,009,Phường Hạ Đình,00361,Phường,
Thành phố Hà Nội,01,Quận Thanh Xuân,009,Phường Khương Đình,00364,Phường,
Thành phố Hà Nội,01,Quận Thanh Xuân,009,Phường Thanh Xuân Bắc,00367,Phường,
Thành phố Hà Nội,01,Quận Thanh Xuân,009,Phường Thanh Xuân Nam,00370,Phường,
Thành phố Hà Nội,01,Quận Thanh Xuân,009,Phường Kim Giang,00373,Phường,
Thành phố Hà Nội,01,Huyện Sóc Sơn,016,Thị trấn Sóc Sơn,00376,Thị trấn,
Thành phố Hà Nội,01,Huyện Sóc Sơn,016,Xã Bắc Sơn,00379,Xã,
Thành phố Hà Nội,01,Huyện Sóc Sơn,016,Xã Minh Trí,00382,Xã,
Thành phố Hà Nội,01,Huyện Sóc Sơn,016,Xã Hồng Kỳ,00385,Xã,
Thành phố Hà Nội,01,Huyện Sóc Sơn,016,Xã Nam Sơn,00388,Xã,
Thành phố Hà Nội,01,Huyện Sóc Sơn,016,Xã Trung Giã,00391,Xã,
Thành phố Hà Nội,01,Huyện Sóc Sơn,016,Xã Tân Hưng,00394,Xã,
Thành phố Hà Nội,01,Huyện Sóc Sơn,016,Xã Minh Phú,00397,Xã,
Thành phố Hà Nội,01,Huyện Sóc Sơn,016,Xã Phù Linh,00400,Xã,
Thành phố Hà Nội,01,Huyện Sóc Sơn,016,Xã Bắc Phú,00403,Xã,
Thành phố Hà Nội,01,Huyện Sóc Sơn,016,Xã Tân Minh,00406,Xã,
Thành phố Hà Nội,01,Huyện Sóc Sơn,016,Xã Quang Tiến,00409,Xã,
Thành phố Hà Nội,01,Huyện Sóc Sơn,016,Xã Hiền Ninh,00412,Xã,
Thành phố Hà Nội,01,Huyện Sóc Sơn,016,Xã Tân Dân,00415,Xã,
Thành phố Hà Nội,01,Huyện Sóc Sơn,016,Xã Tiên Dược,00418,Xã,
Thành phố Hà Nội,01,Huyện Sóc Sơn,016,Xã Việt Long,00421,Xã,
Thành phố Hà Nội,01,Huyện Sóc Sơn,016,Xã Xuân Giang,00424,Xã,
Thành phố Hà Nội,01,Huyện Sóc Sơn,016,Xã Mai Đình,00427,Xã,
Thành phố Hà Nội,01,Huyện Sóc Sơn,016,Xã Đức Hoà,00430,Xã,
Thành phố Hà Nội,01,Huyện Sóc Sơn,016,Xã Thanh Xuân,00433,Xã,
Thành phố Hà Nội,01,Huyện Sóc Sơn,016,Xã Đông Xuân,00436,Xã,
Thành phố Hà Nội,01,Huyện Sóc Sơn,016,Xã Kim Lũ,00439,Xã,
Thành phố Hà Nội,01,Huyện Sóc Sơn,016,Xã Phú Cường,00442,Xã,
Thành phố Hà Nội,01,Huyện Sóc Sơn,016,Xã Phú Minh,00445,Xã,
Thành phố Hà Nội,01,Huyện Sóc Sơn,016,Xã Phù Lỗ,00448,Xã,
Thành phố Hà Nội,01,Huyện Sóc Sơn,016,Xã Xuân Thu,00451,Xã,
Thành phố Hà Nội,01,Huyện Đông Anh,017,Thị trấn Đông Anh,00454,Thị trấn,
Thành phố Hà Nội,01,Huyện Đông Anh,017,Xã Xuân Nộn,00457,Xã,
Thành phố Hà Nội,01,Huyện Đông Anh,017,Xã Thuỵ Lâm,00460,Xã,
Thành phố Hà Nội,01,Huyện Đông Anh,017,Xã Bắc Hồng,00463,Xã,
Thành phố Hà Nội,01,Huyện Đông Anh,017,Xã Nguyên Khê,00466,Xã,
Thành phố Hà Nội,01,Huyện Đông Anh,017,Xã Nam Hồng,00469,Xã,
Thành phố Hà Nội,01,Huyện Đông Anh,017,Xã Tiên Dương,00472,Xã,
Thành phố Hà Nội,01,Huyện Đông Anh,017,Xã Vân Hà,00475,Xã,
Thành phố Hà Nội,01,Huyện Đông Anh,017,Xã Uy Nỗ,00478,Xã,
Thành phố Hà Nội,01,Huyện Đông Anh,017,Xã Vân Nội,00481,Xã,
Thành phố Hà Nội,01,Huyện Đông Anh,017,Xã Liên Hà,00484,Xã,
Thành phố Hà Nội,01,Huyện Đông Anh,017,Xã Việt Hùng,00487,Xã,
Thành phố Hà Nội,01,Huyện Đông Anh,017,Xã Kim Nỗ,00490,Xã,
Thành phố Hà Nội,01,Huyện Đông Anh,017,Xã Kim Chung,00493,Xã,
Thành phố Hà Nội,01,Huyện Đông Anh,017,Xã Dục Tú,00496,Xã,
Thành phố Hà Nội,01,Huyện Đông Anh,017,Xã Đại Mạch,00499,Xã,
Thành phố Hà Nội,01,Huyện Đông Anh,017,Xã Vĩnh Ngọc,00502,Xã,
Thành phố Hà Nội,01,Huyện Đông Anh,017,Xã Cổ Loa,00505,Xã,
Thành phố Hà Nội,01,Huyện Đông Anh,017,Xã Hải Bối,00508,Xã,
Thành phố Hà Nội,01,Huyện Đông Anh,017,Xã Xuân Canh,00511,Xã,
Thành phố Hà Nội,01,Huyện Đông Anh,017,Xã Võng La,00514,Xã,
Thành phố Hà Nội,01,Huyện Đông Anh,017,Xã Tàm Xá,00517,Xã,
Thành phố Hà Nội,01,Huyện Đông Anh,017,Xã Mai Lâm,00520,Xã,
Thành phố Hà Nội,01,Huyện Đông Anh,017,Xã Đông Hội,00523,Xã,
Thành phố Hà Nội,01,Huyện Gia Lâm,018,Thị trấn Yên Viên,00526,Thị trấn,
Thành phố Hà Nội,01,Huyện Gia Lâm,018,Xã Yên Thường,00529,Xã,
Thành phố Hà Nội,01,Huyện Gia Lâm,018,Xã Yên Viên,00532,Xã,
Thành phố Hà Nội,01,Huyện Gia Lâm,018,Xã Ninh Hiệp,00535,Xã,
Thành phố Hà Nội,01,Huyện Gia Lâm,018,Xã Đình Xuyên,00538,Xã,
Thành phố Hà Nội,01,Huyện Gia Lâm,018,Xã Dương Hà,00541,Xã,
Thành phố Hà Nội,01,Huyện Gia Lâm,018,Xã Phù Đổng,00544,Xã,
Thành phố Hà Nội,01,Huyện Gia Lâm,018,Xã Trung Mầu,00547,Xã,
Thành phố Hà Nội,01,Huyện Gia Lâm,018,Xã Lệ Chi,00550,Xã,
Thành phố Hà Nội,01,Huyện Gia Lâm,018,Xã Cổ Bi,00553,Xã,
Thành phố Hà Nội,01,Huyện Gia Lâm,018,Xã Đặng Xá,00556,Xã,
Thành phố Hà Nội,01,Huyện Gia Lâm,018,Xã Phú Thị,00559,Xã,
Thành phố Hà Nội,01,Huyện Gia Lâm,018,Xã Kim Sơn,00562,Xã,
Thành phố Hà Nội,01,Huyện Gia Lâm,018,Thị trấn Trâu Quỳ,00565,Thị trấn,Trau Quy Commune
Thành phố Hà Nội,01,Huyện Gia Lâm,018,Xã Dương Quang,00568,Xã,
Thành phố Hà Nội,01,Huyện Gia Lâm,018,Xã Dương Xá,00571,Xã,
Thành phố Hà Nội,01,Huyện Gia Lâm,018,Xã Đông Dư,00574,Xã,
Thành phố Hà Nội,01,Huyện Gia Lâm,018,Xã Đa Tốn,00577,Xã,
Thành phố Hà Nội,01,Huyện Gia Lâm,018,Xã Kiêu Kỵ,00580,Xã,
Thành phố Hà Nội,01,Huyện Gia Lâm,018,Xã Bát Tràng,00583,Xã,
Thành phố Hà Nội,01,Huyện Gia Lâm,018,Xã Kim Lan,00586,Xã,
Thành phố Hà Nội,01,Huyện Gia Lâm,018,Xã Văn Đức,00589,Xã,
Thành phố Hà Nội,01,Quận Nam Từ Liêm,019,Phường Cầu Diễn,00592,Phường,
Thành phố Hà Nội,01,Quận Nam Từ Liêm,019,Phường Xuân Phương,00622,Phường,
Thành phố Hà Nội,01,Quận Nam Từ Liêm,019,Phường Phương Canh,00623,Phường,
Thành phố Hà Nội,01,Quận Nam Từ Liêm,019,Phường Mỹ Đình 1,00625,Phường,
Thành phố Hà Nội,01,Quận Nam Từ Liêm,019,Phường Mỹ Đình 2,00626,Phường,
Thành phố Hà Nội,01,Quận Nam Từ Liêm,019,Phường Tây Mỗ,00628,Phường,
Thành phố Hà Nội,01,Quận Nam Từ Liêm,019,Phường Mễ Trì,00631,Phường,
Thành phố Hà Nội,01,Quận Nam Từ Liêm,019,Phường Phú Đô,00632,Phường,
Thành phố Hà Nội,01,Quận Nam Từ Liêm,019,Phường Đại Mỗ,00634,Phường,
Thành phố Hà Nội,01,Quận Nam Từ Liêm,019,Phường Trung Văn,00637,Phường,
Thành phố Hà Nội,01,Huyện Thanh Trì,020,Thị trấn Văn Điển,00640,Thị trấn,
Thành phố Hà Nội,01,Huyện Thanh Trì,020,Xã Tân Triều,00643,Xã,
Thành phố Hà Nội,01,Huyện Thanh Trì,020,Xã Thanh Liệt,00646,Xã,
Thành phố Hà Nội,01,Huyện Thanh Trì,020,Xã Tả Thanh Oai,00649,Xã,
Thành phố Hà Nội,01,Huyện Thanh Trì,020,Xã Hữu Hoà,00652,Xã,
Thành phố Hà Nội,01,Huyện Thanh Trì,020,Xã Tam Hiệp,00655,Xã,
Thành phố Hà Nội,01,Huyện Thanh Trì,020,Xã Tứ Hiệp,00658,Xã,
Thành phố Hà Nội,01,Huyện Thanh Trì,020,Xã Yên Mỹ,00661,Xã,
Thành phố Hà Nội,01,Huyện Thanh Trì,020,Xã Vĩnh Quỳnh,00664,Xã,
Thành phố Hà Nội,01,Huyện Thanh Trì,020,Xã Ngũ Hiệp,00667,Xã,
Thành phố Hà Nội,01,Huyện Thanh Trì,020,Xã Duyên Hà,00670,Xã,
Thành phố Hà Nội,01,Huyện Thanh Trì,020,Xã Ngọc Hồi,00673,Xã,
Thành phố Hà Nội,01,Huyện Thanh Trì,020,Xã Vạn Phúc,00676,Xã,
Thành phố Hà Nội,01,Huyện Thanh Trì,020,Xã Đại áng,00679,Xã,
Thành phố Hà Nội,01,Huyện Thanh Trì,020,Xã Liên Ninh,00682,Xã,
Thành phố Hà Nội,01,Huyện Thanh Trì,020,Xã Đông Mỹ,00685,Xã,
Thành phố Hà Nội,01,Quận Bắc Từ Liêm,021,Phường Thượng Cát,00595,Phường,
Thành phố Hà Nội,01,Quận Bắc Từ Liêm,021,Phường Liên Mạc,00598,Phường,
Thành phố Hà Nội,01,Quận Bắc Từ Liêm,021,Phường Đông Ngạc,00601,Phường,
Thành phố Hà Nội,01,Quận Bắc Từ Liêm,021,Phường Đức Thắng,00602,Phường,
Thành phố Hà Nội,01,Quận Bắc Từ Liêm,021,Phường Thụy Phương,00604,Phường,
Thành phố Hà Nội,01,Quận Bắc Từ Liêm,021,Phường Tây Tựu,00607,Phường,
Thành phố Hà Nội,01,Quận Bắc Từ Liêm,021,Phường Xuân Đỉnh,00610,Phường,
Thành phố Hà Nội,01,Quận Bắc Từ Liêm,021,Phường Xuân Tảo,00611,Phường,
Thành phố Hà Nội,01,Quận Bắc Từ Liêm,021,Phường Minh Khai,00613,Phường,
Thành phố Hà Nội,01,Quận Bắc Từ Liêm,021,Phường Cổ Nhuế 1,00616,Phường,
Thành phố Hà Nội,01,Quận Bắc Từ Liêm,021,Phường Cổ Nhuế 2,00617,Phường,
Thành phố Hà Nội,01,Quận Bắc Từ Liêm,021,Phường Phú Diễn,00619,Phường,
Thành phố Hà Nội,01,Quận Bắc Từ Liêm,021,Phường Phúc Diễn,00620,Phường,
Thành phố Hà Nội,01,Huyện Mê Linh,250,Thị trấn Chi Đông,08973,Thị trấn,
Thành phố Hà Nội,01,Huyện Mê Linh,250,Xã Đại Thịnh,08974,Xã,
Thành phố Hà Nội,01,Huyện Mê Linh,250,Xã Kim Hoa,08977,Xã,
Thành phố Hà Nội,01,Huyện Mê Linh,250,Xã Thạch Đà,08980,Xã,
Thành phố Hà Nội,01,Huyện Mê Linh,250,Xã Tiến Thắng,08983,Xã,
Thành phố Hà Nội,01,Huyện Mê Linh,250,Xã Tự Lập,08986,Xã,
Thành phố Hà Nội,01,Huyện Mê Linh,250,Thị trấn Quang Minh,08989,Thị trấn,
Thành phố Hà Nội,01,Huyện Mê Linh,250,Xã Thanh Lâm,08992,Xã,
Thành phố Hà Nội,01,Huyện Mê Linh,250,Xã Tam Đồng,08995,Xã,
Thành phố Hà Nội,01,Huyện Mê Linh,250,Xã Liên Mạc,08998,Xã,
Thành phố Hà Nội,01,Huyện Mê Linh,250,Xã Vạn Yên,09001,Xã,
Thành phố Hà Nội,01,Huyện Mê Linh,250,Xã Chu Phan,09004,Xã,
Thành phố Hà Nội,01,Huyện Mê Linh,250,Xã Tiến Thịnh,09007,Xã,
Thành phố Hà Nội,01,Huyện Mê Linh,250,Xã Mê Linh,09010,Xã,
Thành phố Hà Nội,01,Huyện Mê Linh,250,Xã Văn Khê,09013,Xã,
Thành phố Hà Nội,01,Huyện Mê Linh,250,Xã Hoàng Kim,09016,Xã,
Thành phố Hà Nội,01,Huyện Mê Linh,250,Xã Tiền Phong,09019,Xã,
Thành phố Hà Nội,01,Huyện Mê Linh,250,Xã Tráng Việt,09022,Xã,
Thành phố Hà Nội,01,Quận Hà Đông,268,Phường Nguyễn Trãi,09538,Phường,
Thành phố Hà Nội,01,Quận Hà Đông,268,Phường Mộ Lao,09541,Phường,
Thành phố Hà Nội,01,Quận Hà Đông,268,Phường Văn Quán,09542,Phường,
Thành phố Hà Nội,01,Quận Hà Đông,268,Phường Vạn Phúc,09544,Phường,
Thành phố Hà Nội,01,Quận Hà Đông,268,Phường Yết Kiêu,09547,Phường,
Thành phố Hà Nội,01,Quận Hà Đông,268,Phường Quang Trung,09550,Phường,
Thành phố Hà Nội,01,Quận Hà Đông,268,Phường La Khê,09551,Phường,
Thành phố Hà Nội,01,Quận Hà Đông,268,Phường Phú La,09552,Phường,
Thành phố Hà Nội,01,Quận Hà Đông,268,Phường Phúc La,09553,Phường,
Thành phố Hà Nội,01,Quận Hà Đông,268,Phường Hà Cầu,09556,Phường,
Thành phố Hà Nội,01,Quận Hà Đông,268,Phường Yên Nghĩa,09562,Phường,
Thành phố Hà Nội,01,Quận Hà Đông,268,Phường Kiến Hưng,09565,Phường,
Thành phố Hà Nội,01,Quận Hà Đông,268,Phường Phú Lãm,09568,Phường,
Thành phố Hà Nội,01,Quận Hà Đông,268,Phường Phú Lương,09571,Phường,
Thành phố Hà Nội,01,Quận Hà Đông,268,Phường Dương Nội,09886,Phường,
Thành phố Hà Nội,01,Quận Hà Đông,268,Phường Đồng Mai,10117,Phường,
Thành phố Hà Nội,01,Quận Hà Đông,268,Phường Biên Giang,10123,Phường,
Thành phố Hà Nội,01,Thị xã Sơn Tây,269,Phường Lê Lợi,09574,Phường,
Thành phố Hà Nội,01,Thị xã Sơn Tây,269,Phường Phú Thịnh,09577,Phường,
Thành phố Hà Nội,01,Thị xã Sơn Tây,269,Phường Ngô Quyền,09580,Phường,
Thành phố Hà Nội,01,Thị xã Sơn Tây,269,Phường Quang Trung,09583,Phường,
Thành phố Hà Nội,01,Thị xã Sơn Tây,269,Phường Sơn Lộc,09586,Phường,
Thành phố Hà Nội,01,Thị xã Sơn Tây,269,Phường Xuân Khanh,09589,Phường,
Thành phố Hà Nội,01,Thị xã Sơn Tây,269,Xã Đường Lâm,09592,Xã,
Thành phố Hà Nội,01,Thị xã Sơn Tây,269,Phường Viên Sơn,09595,Phường,
Thành phố Hà Nội,01,Thị xã Sơn Tây,269,Xã Xuân Sơn,09598,Xã,
Thành phố Hà Nội,01,Thị xã Sơn Tây,269,Phường Trung Hưng,09601,Phường,
Thành phố Hà Nội,01,Thị xã Sơn Tây,269,Xã Thanh Mỹ,09604,Xã,
Thành phố Hà Nội,01,Thị xã Sơn Tây,269,Phường Trung Sơn Trầm,09607,Phường,
Thành phố Hà Nội,01,Thị xã Sơn Tây,269,Xã Kim Sơn,09610,Xã,
Thành phố Hà Nội,01,Thị xã Sơn Tây,269,Xã Sơn Đông,09613,Xã,
Thành phố Hà Nội,01,Thị xã Sơn Tây,269,Xã Cổ Đông,09616,Xã,
Thành phố Hà Nội,01,Huyện Ba Vì,271,Thị trấn Tây Đằng,09619,Thị trấn,
Thành phố Hà Nội,01,Huyện Ba Vì,271,Xã Phú Cường,09625,Xã,
Thành phố Hà Nội,01,Huyện Ba Vì,271,Xã Cổ Đô,09628,Xã,
Thành phố Hà Nội,01,Huyện Ba Vì,271,Xã Tản Hồng,09631,Xã,
Thành phố Hà Nội,01,Huyện Ba Vì,271,Xã Vạn Thắng,09634,Xã,
Thành phố Hà Nội,01,Huyện Ba Vì,271,Xã Châu Sơn,09637,Xã,
Thành phố Hà Nội,01,Huyện Ba Vì,271,Xã Phong Vân,09640,Xã,
Thành phố Hà Nội,01,Huyện Ba Vì,271,Xã Phú Đông,09643,Xã,
Thành phố Hà Nội,01,Huyện Ba Vì,271,Xã Phú Phương,09646,Xã,
Thành phố Hà Nội,01,Huyện Ba Vì,271,Xã Phú Châu,09649,Xã,
Thành phố Hà Nội,01,Huyện Ba Vì,271,Xã Thái Hòa,09652,Xã,
Thành phố Hà Nội,01,Huyện Ba Vì,271,Xã Đồng Thái,09655,Xã,
Thành phố Hà Nội,01,Huyện Ba Vì,271,Xã Phú Sơn,09658,Xã,
Thành phố Hà Nội,01,Huyện Ba Vì,271,Xã Minh Châu,09661,Xã,
Thành phố Hà Nội,01,Huyện Ba Vì,271,Xã Vật Lại,09664,Xã,
Thành phố Hà Nội,01,Huyện Ba Vì,271,Xã Chu Minh,09667,Xã,
Thành phố Hà Nội,01,Huyện Ba Vì,271,Xã Tòng Bạt,09670,Xã,
Thành phố Hà Nội,01,Huyện Ba Vì,271,Xã Cẩm Lĩnh,09673,Xã,
Thành phố Hà Nội,01,Huyện Ba Vì,271,Xã Sơn Đà,09676,Xã,
Thành phố Hà Nội,01,Huyện Ba Vì,271,Xã Đông Quang,09679,Xã,
Thành phố Hà Nội,01,Huyện Ba Vì,271,Xã Tiên Phong,09682,Xã,
Thành phố Hà Nội,01,Huyện Ba Vì,271,Xã Thụy An,09685,Xã,
Thành phố Hà Nội,01,Huyện Ba Vì,271,Xã Cam Thượng,09688,Xã,
Thành phố Hà Nội,01,Huyện Ba Vì,271,Xã Thuần Mỹ,09691,Xã,
Thành phố Hà Nội,01,Huyện Ba Vì,271,Xã Tản Lĩnh,09694,Xã,
Thành phố Hà Nội,01,Huyện Ba Vì,271,Xã Ba Trại,09697,Xã,
Thành phố Hà Nội,01,Huyện Ba Vì,271,Xã Minh Quang,09700,Xã,
Thành phố Hà Nội,01,Huyện Ba Vì,271,Xã Ba Vì,09703,Xã,
Thành phố Hà Nội,01,Huyện Ba Vì,271,Xã Vân Hòa,09706,Xã,
Thành phố Hà Nội,01,Huyện Ba Vì,271,Xã Yên Bài,09709,Xã,
Thành phố Hà Nội,01,Huyện Ba Vì,271,Xã Khánh Thượng,09712,Xã,
Thành phố Hà Nội,01,Huyện Phúc Thọ,272,Thị trấn Phúc Thọ,09715,Thị trấn,
Thành phố Hà Nội,01,Huyện Phúc Thọ,272,Xã Vân Hà,09718,Xã,
Thành phố Hà Nội,01,Huyện Phúc Thọ,272,Xã Vân Phúc,09721,Xã,
Thành phố Hà Nội,01,Huyện Phúc Thọ,272,Xã Vân Nam,09724,Xã,
Thành phố Hà Nội,01,Huyện Phúc Thọ,272,Xã Xuân Phú,09727,Xã,
Thành phố Hà Nội,01,Huyện Phúc Thọ,272,Xã Phương Độ,09730,Xã,
Thành phố Hà Nội,01,Huyện Phúc Thọ,272,Xã Sen Chiểu,09733,Xã,
Thành phố Hà Nội,01,Huyện Phúc Thọ,272,Xã Cẩm Đình,09736,Xã,
Thành phố Hà Nội,01,Huyện Phúc Thọ,272,Xã Võng Xuyên,09739,Xã,
Thành phố Hà Nội,01,Huyện Phúc Thọ,272,Xã Thọ Lộc,09742,Xã,
Thành phố Hà Nội,01,Huyện Phúc Thọ,272,Xã Long Xuyên,09745,Xã,
Thành phố Hà Nội,01,Huyện Phúc Thọ,272,Xã Thượng Cốc,09748,Xã,
Thành phố Hà Nội,01,Huyện Phúc Thọ,272,Xã Hát Môn,09751,Xã,
Thành phố Hà Nội,01,Huyện Phúc Thọ,272,Xã Tích Giang,09754,Xã,
Thành phố Hà Nội,01,Huyện Phúc Thọ,272,Xã Thanh Đa,09757,Xã,
Thành phố Hà Nội,01,Huyện Phúc Thọ,272,Xã Trạch Mỹ Lộc,09760,Xã,
Thành phố Hà Nội,01,Huyện Phúc Thọ,272,Xã Phúc Hòa,09763,Xã,
Thành phố Hà Nội,01,Huyện Phúc Thọ,272,Xã Ngọc Tảo,09766,Xã,
Thành phố Hà Nội,01,Huyện Phúc Thọ,272,Xã Phụng Thượng,09769,Xã,
Thành phố Hà Nội,01,Huyện Phúc Thọ,272,Xã Tam Thuấn,09772,Xã,
Thành phố Hà Nội,01,Huyện Phúc Thọ,272,Xã Tam Hiệp,09775,Xã,
Thành phố Hà Nội,01,Huyện Phúc Thọ,272,Xã Hiệp Thuận,09778,Xã,
Thành phố Hà Nội,01,Huyện Phúc Thọ,272,Xã Liên Hiệp,09781,Xã,
Thành phố Hà Nội,01,Huyện Đan Phượng,273,Thị trấn Phùng,09784,Thị trấn,
Thành phố Hà Nội,01,Huyện Đan Phượng,273,Xã Trung Châu,09787,Xã,
Thành phố Hà Nội,01,Huyện Đan Phượng,273,Xã Thọ An,09790,Xã,
Thành phố Hà Nội,01,Huyện Đan Phượng,273,Xã Thọ Xuân,09793,Xã,
Thành phố Hà Nội,01,Huyện Đan Phượng,273,Xã Hồng Hà,09796,Xã,
Thành phố Hà Nội,01,Huyện Đan Phượng,273,Xã Liên Hồng,09799,Xã,
Thành phố Hà Nội,01,Huyện Đan Phượng,273,Xã Liên Hà,09802,Xã,
Thành phố Hà Nội,01,Huyện Đan Phượng,273,Xã Hạ Mỗ,09805,Xã,
Thành phố Hà Nội,01,Huyện Đan Phượng,273,Xã Liên Trung,09808,Xã,
Thành phố Hà Nội,01,Huyện Đan Phượng,273,Xã Phương Đình,09811,Xã,
Thành phố Hà Nội,01,Huyện Đan Phượng,273,Xã Thượng Mỗ,09814,Xã,
Thành phố Hà Nội,01,Huyện Đan Phượng,273,Xã Tân Hội,09817,Xã,
Thành phố Hà Nội,01,Huyện Đan Phượng,273,Xã Tân Lập,09820,Xã,
Thành phố Hà Nội,01,Huyện Đan Phượng,273,Xã Đan Phượng,09823,Xã,
Thành phố Hà Nội,01,Huyện Đan Phượng,273,Xã Đồng Tháp,09826,Xã,
Thành phố Hà Nội,01,Huyện Đan Phượng,273,Xã Song Phượng,09829,Xã,
Thành phố Hà Nội,01,Huyện Hoài Đức,274,Thị trấn Trạm Trôi,09832,Thị trấn,
Thành phố Hà Nội,01,Huyện Hoài Đức,274,Xã Đức Thượng,09835,Xã,
Thành phố Hà Nội,01,Huyện Hoài Đức,274,Xã Minh Khai,09838,Xã,
Thành phố Hà Nội,01,Huyện Hoài Đức,274,Xã Dương Liễu,09841,Xã,
Thành phố Hà Nội,01,Huyện Hoài Đức,274,Xã Di Trạch,09844,Xã,
Thành phố Hà Nội,01,Huyện Hoài Đức,274,Xã Đức Giang,09847,Xã,
Thành phố Hà Nội,01,Huyện Hoài Đức,274,Xã Cát Quế,09850,Xã,
Thành phố Hà Nội,01,Huyện Hoài Đức,274,Xã Kim Chung,09853,Xã,
Thành phố Hà Nội,01,Huyện Hoài Đức,274,Xã Yên Sở,09856,Xã,
Thành phố Hà Nội,01,Huyện Hoài Đức,274,Xã Sơn Đồng,09859,Xã,
Thành phố Hà Nội,01,Huyện Hoài Đức,274,Xã Vân Canh,09862,Xã,
Thành phố Hà Nội,01,Huyện Hoài Đức,274,Xã Đắc Sở,09865,Xã,
Thành phố Hà Nội,01,Huyện Hoài Đức,274,Xã Lại Yên,09868,Xã,
Thành phố Hà Nội,01,Huyện Hoài Đức,274,Xã Tiền Yên,09871,Xã,
Thành phố Hà Nội,01,Huyện Hoài Đức,274,Xã Song Phương,09874,Xã,
Thành phố Hà Nội,01,Huyện Hoài Đức,274,Xã An Khánh,09877,Xã,
Thành phố Hà Nội,01,Huyện Hoài Đức,274,Xã An Thượng,09880,Xã,
Thành phố Hà Nội,01,Huyện Hoài Đức,274,Xã Vân Côn,09883,Xã,
Thành phố Hà Nội,01,Huyện Hoài Đức,274,Xã La Phù,09889,Xã,
Thành phố Hà Nội,01,Huyện Hoài Đức,274,Xã Đông La,09892,Xã,
Thành phố Hà Nội,01,Huyện Quốc Oai,275,Xã Đông Xuân,04939,Xã,
Thành phố Hà Nội,01,Huyện Quốc Oai,275,Thị trấn Quốc Oai,09895,Thị trấn,
Thành phố Hà Nội,01,Huyện Quốc Oai,275,Xã Sài Sơn,09898,Xã,
Thành phố Hà Nội,01,Huyện Quốc Oai,275,Xã Phượng Cách,09901,Xã,
Thành phố Hà Nội,01,Huyện Quốc Oai,275,Xã Yên Sơn,09904,Xã,
Thành phố Hà Nội,01,Huyện Quốc Oai,275,Xã Ngọc Liệp,09907,Xã,
Thành phố Hà Nội,01,Huyện Quốc Oai,275,Xã Ngọc Mỹ,09910,Xã,
Thành phố Hà Nội,01,Huyện Quốc Oai,275,Xã Liệp Tuyết,09913,Xã,
Thành phố Hà Nội,01,Huyện Quốc Oai,275,Xã Thạch Thán,09916,Xã,
Thành phố Hà Nội,01,Huyện Quốc Oai,275,Xã Đồng Quang,09919,Xã,
Thành phố Hà Nội,01,Huyện Quốc Oai,275,Xã Phú Cát,09922,Xã,
Thành phố Hà Nội,01,Huyện Quốc Oai,275,Xã Tuyết Nghĩa,09925,Xã,
Thành phố Hà Nội,01,Huyện Quốc Oai,275,Xã Nghĩa Hương,09928,Xã,
Thành phố Hà Nội,01,Huyện Quốc Oai,275,Xã Cộng Hòa,09931,Xã,
Thành phố Hà Nội,01,Huyện Quốc Oai,275,Xã Tân Phú,09934,Xã,
Thành phố Hà Nội,01,Huyện Quốc Oai,275,Xã Đại Thành,09937,Xã,
Thành phố Hà Nội,01,Huyện Quốc Oai,275,Xã Phú Mãn,09940,Xã,
Thành phố Hà Nội,01,Huyện Quốc Oai,275,Xã Cấn Hữu,09943,Xã,
Thành phố Hà Nội,01,Huyện Quốc Oai,275,Xã Tân Hòa,09946,Xã,
Thành phố Hà Nội,01,Huyện Quốc Oai,275,Xã Hòa Thạch,09949,Xã,
Thành phố Hà Nội,01,Huyện Quốc Oai,275,Xã Đông Yên,09952,Xã,
Thành phố Hà Nội,01,Huyện Thạch Thất,276,Xã Yên Trung,04927,Xã,
Thành phố Hà Nội,01,Huyện Thạch Thất,276,Xã Yên Bình,04930,Xã,
Thành phố Hà Nội,01,Huyện Thạch Thất,276,Xã Tiến Xuân,04936,Xã,
Thành phố Hà Nội,01,Huyện Thạch Thất,276,Thị trấn Liên Quan,09955,Thị trấn,
Thành phố Hà Nội,01,Huyện Thạch Thất,276,Xã Đại Đồng,09958,Xã,
Thành phố Hà Nội,01,Huyện Thạch Thất,276,Xã Cẩm Yên,09961,Xã,
Thành phố Hà Nội,01,Huyện Thạch Thất,276,Xã Lại Thượng,09964,Xã,
Thành phố Hà Nội,01,Huyện Thạch Thất,276,Xã Phú Kim,09967,Xã,
Thành phố Hà Nội,01,Huyện Thạch Thất,276,Xã Hương Ngải,09970,Xã,
Thành phố Hà Nội,01,Huyện Thạch Thất,276,Xã Canh Nậu,09973,Xã,
Thành phố Hà Nội,01,Huyện Thạch Thất,276,Xã Kim Quan,09976,Xã,
Thành phố Hà Nội,01,Huyện Thạch Thất,276,Xã Dị Nậu,09979,Xã,
Thành phố Hà Nội,01,Huyện Thạch Thất,276,Xã Bình Yên,09982,Xã,
Thành phố Hà Nội,01,Huyện Thạch Thất,276,Xã Chàng Sơn,09985,Xã,
Thành phố Hà Nội,01,Huyện Thạch Thất,276,Xã Thạch Hoà,09988,Xã,
Thành phố Hà Nội,01,Huyện Thạch Thất,276,Xã Cần Kiệm,09991,Xã,
Thành phố Hà Nội,01,Huyện Thạch Thất,276,Xã Hữu Bằng,09994,Xã,
Thành phố Hà Nội,01,Huyện Thạch Thất,276,Xã Phùng Xá,09997,Xã,
Thành phố Hà Nội,01,Huyện Thạch Thất,276,Xã Tân Xã,10000,Xã,
Thành phố Hà Nội,01,Huyện Thạch Thất,276,Xã Thạch Xá,10003,Xã,
Thành phố Hà Nội,01,Huyện Thạch Thất,276,Xã Bình Phú,10006,Xã,
Thành phố Hà Nội,01,Huyện Thạch Thất,276,Xã Hạ Bằng,10009,Xã,
Thành phố Hà Nội,01,Huyện Thạch Thất,276,Xã Đồng Trúc,10012,Xã,
Thành phố Hà Nội,01,Huyện Chương Mỹ,277,Thị trấn Chúc Sơn,10015,Thị trấn,
Thành phố Hà Nội,01,Huyện Chương Mỹ,277,Thị trấn Xuân Mai,10018,Thị trấn,
Thành phố Hà Nội,01,Huyện Chương Mỹ,277,Xã Phụng Châu,10021,Xã,
Thành phố Hà Nội,01,Huyện Chương Mỹ,277,Xã Tiên Phương,10024,Xã,
Thành phố Hà Nội,01,Huyện Chương Mỹ,277,Xã Đông Sơn,10027,Xã,
Thành phố Hà Nội,01,Huyện Chương Mỹ,277,Xã Đông Phương Yên,10030,Xã,
Thành phố Hà Nội,01,Huyện Chương Mỹ,277,Xã Phú Nghĩa,10033,Xã,
Thành phố Hà Nội,01,Huyện Chương Mỹ,277,Xã Trường Yên,10039,Xã,
Thành phố Hà Nội,01,Huyện Chương Mỹ,277,Xã Ngọc Hòa,10042,Xã,
Thành phố Hà Nội,01,Huyện Chương Mỹ,277,Xã Thủy Xuân Tiên,10045,Xã,
Thành phố Hà Nội,01,Huyện Chương Mỹ,277,Xã Thanh Bình,10048,Xã,
Thành phố Hà Nội,01,Huyện Chương Mỹ,277,Xã Trung Hòa,10051,Xã,
Thành phố Hà Nội,01,Huyện Chương Mỹ,277,Xã Đại Yên,10054,Xã,
Thành phố Hà Nội,01,Huyện Chương Mỹ,277,Xã Thụy Hương,10057,Xã,
Thành phố Hà Nội,01,Huyện Chương Mỹ,277,Xã Tốt Động,10060,Xã,
Thành phố Hà Nội,01,Huyện Chương Mỹ,277,Xã Lam Điền,10063,Xã,
Thành phố Hà Nội,01,Huyện Chương Mỹ,277,Xã Tân Tiến,10066,Xã,
Thành phố Hà Nội,01,Huyện Chương Mỹ,277,Xã Nam Phương Tiến,10069,Xã,
Thành phố Hà Nội,01,Huyện Chương Mỹ,277,Xã Hợp Đồng,10072,Xã,
Thành phố Hà Nội,01,Huyện Chương Mỹ,277,Xã Hoàng Văn Thụ,10075,Xã,
Thành phố Hà Nội,01,Huyện Chương Mỹ,277,Xã Hoàng Diệu,10078,Xã,
Thành phố Hà Nội,01,Huyện Chương Mỹ,277,Xã Hữu Văn,10081,Xã,
Thành phố Hà Nội,01,Huyện Chương Mỹ,277,Xã Quảng Bị,10084,Xã,
Thành phố Hà Nội,01,Huyện Chương Mỹ,277,Xã Mỹ Lương,10087,Xã,
Thành phố Hà Nội,01,Huyện Chương Mỹ,277,Xã Thượng Vực,10090,Xã,
Thành phố Hà Nội,01,Huyện Chương Mỹ,277,Xã Hồng Phong,10093,Xã,
Thành phố Hà Nội,01,Huyện Chương Mỹ,277,Xã Đồng Phú,10096,Xã,
Thành phố Hà Nội,01,Huyện Chương Mỹ,277,Xã Trần Phú,10099,Xã,
Thành phố Hà Nội,01,Huyện Chương Mỹ,277,Xã Văn Võ,10102,Xã,
Thành phố Hà Nội,01,Huyện Chương Mỹ,277,Xã Đồng Lạc,10105,Xã,
Thành phố Hà Nội,01,Huyện Chương Mỹ,277,Xã Hòa Chính,10108,Xã,
Thành phố Hà Nội,01,Huyện Chương Mỹ,277,Xã Phú Nam An,10111,Xã,
Thành phố Hà Nội,01,Huyện Thanh Oai,278,Thị trấn Kim Bài,10114,Thị trấn,
Thành phố Hà Nội,01,Huyện Thanh Oai,278,Xã Cự Khê,10120,Xã,
Thành phố Hà Nội,01,Huyện Thanh Oai,278,Xã Bích Hòa,10126,Xã,
Thành phố Hà Nội,01,Huyện Thanh Oai,278,Xã Mỹ Hưng,10129,Xã,
Thành phố Hà Nội,01,Huyện Thanh Oai,278,Xã Cao Viên,10132,Xã,
Thành phố Hà Nội,01,Huyện Thanh Oai,278,Xã Bình Minh,10135,Xã,
Thành phố Hà Nội,01,Huyện Thanh Oai,278,Xã Tam Hưng,10138,Xã,
Thành phố Hà Nội,01,Huyện Thanh Oai,278,Xã Thanh Cao,10141,Xã,
Thành phố Hà Nội,01,Huyện Thanh Oai,278,Xã Thanh Thùy,10144,Xã,
Thành phố Hà Nội,01,Huyện Thanh Oai,278,Xã Thanh Mai,10147,Xã,
Thành phố Hà Nội,01,Huyện Thanh Oai,278,Xã Thanh Văn,10150,Xã,
Thành phố Hà Nội,01,Huyện Thanh Oai,278,Xã Đỗ Động,10153,Xã,
Thành phố Hà Nội,01,Huyện Thanh Oai,278,Xã Kim An,10156,Xã,
Thành phố Hà Nội,01,Huyện Thanh Oai,278,Xã Kim Thư,10159,Xã,
Thành phố Hà Nội,01,Huyện Thanh Oai,278,Xã Phương Trung,10162,Xã,
Thành phố Hà Nội,01,Huyện Thanh Oai,278,Xã Tân Ước,10165,Xã,
Thành phố Hà Nội,01,Huyện Thanh Oai,278,Xã Dân Hòa,10168,Xã,
Thành phố Hà Nội,01,Huyện Thanh Oai,278,Xã Liên Châu,10171,Xã,
Thành phố Hà Nội,01,Huyện Thanh Oai,278,Xã Cao Dương,10174,Xã,
Thành phố Hà Nội,01,Huyện Thanh Oai,278,Xã Xuân Dương,10177,Xã,
Thành phố Hà Nội,01,Huyện Thanh Oai,278,Xã Hồng Dương,10180,Xã,
Thành phố Hà Nội,01,Huyện Thường Tín,279,Thị trấn Thường Tín,10183,Thị trấn,
Thành phố Hà Nội,01,Huyện Thường Tín,279,Xã Ninh Sở,10186,Xã,
Thành phố Hà Nội,01,Huyện Thường Tín,279,Xã Nhị Khê,10189,Xã,
Thành phố Hà Nội,01,Huyện Thường Tín,279,Xã Duyên Thái,10192,Xã,
Thành phố Hà Nội,01,Huyện Thường Tín,279,Xã Khánh Hà,10195,Xã,
Thành phố Hà Nội,01,Huyện Thường Tín,279,Xã Hòa Bình,10198,Xã,
Thành phố Hà Nội,01,Huyện Thường Tín,279,Xã Văn Bình,10201,Xã,
Thành phố Hà Nội,01,Huyện Thường Tín,279,Xã Hiền Giang,10204,Xã,
Thành phố Hà Nội,01,Huyện Thường Tín,279,Xã Hồng Vân,10207,Xã,
Thành phố Hà Nội,01,Huyện Thường Tín,279,Xã Vân Tảo,10210,Xã,
Thành phố Hà Nội,01,Huyện Thường Tín,279,Xã Liên Phương,10213,Xã,
Thành phố Hà Nội,01,Huyện Thường Tín,279,Xã Văn Phú,10216,Xã,
Thành phố Hà Nội,01,Huyện Thường Tín,279,Xã Tự Nhiên,10219,Xã,
Thành phố Hà Nội,01,Huyện Thường Tín,279,Xã Tiền Phong,10222,Xã,
Thành phố Hà Nội,01,Huyện Thường Tín,279,Xã Hà Hồi,10225,Xã,
Thành phố Hà Nội,01,Huyện Thường Tín,279,Xã Thư Phú,10228,Xã,
Thành phố Hà Nội,01,Huyện Thường Tín,279,Xã Nguyễn Trãi,10231,Xã,
Thành phố Hà Nội,01,Huyện Thường Tín,279,Xã Quất Động,10234,Xã,
Thành phố Hà Nội,01,Huyện Thường Tín,279,Xã Chương Dương,10237,Xã,
Thành phố Hà Nội,01,Huyện Thường Tín,279,Xã Tân Minh,10240,Xã,
Thành phố Hà Nội,01,Huyện Thường Tín,279,Xã Lê Lợi,10243,Xã,
Thành phố Hà Nội,01,Huyện Thường Tín,279,Xã Thắng Lợi,10246,Xã,
Thành phố Hà Nội,01,Huyện Thường Tín,279,Xã Dũng Tiến,10249,Xã,
Thành phố Hà Nội,01,Huyện Thường Tín,279,Xã Thống Nhất,10252,Xã,
Thành phố Hà Nội,01,Huyện Thường Tín,279,Xã Nghiêm Xuyên,10255,Xã,
Thành phố Hà Nội,01,Huyện Thường Tín,279,Xã Tô Hiệu,10258,Xã,
Thành phố Hà Nội,01,Huyện Thường Tín,279,Xã Văn Tự,10261,Xã,
Thành phố Hà Nội,01,Huyện Thường Tín,279,Xã Vạn Điểm,10264,Xã,
Thành phố Hà Nội,01,Huyện Thường Tín,279,Xã Minh Cường,10267,Xã,
Thành phố Hà Nội,01,Huyện Phú Xuyên,280,Thị trấn Phú Minh,10270,Thị trấn,
Thành phố Hà Nội,01,Huyện Phú Xuyên,280,Thị trấn Phú Xuyên,10273,Thị trấn,
Thành phố Hà Nội,01,Huyện Phú Xuyên,280,Xã Hồng Minh,10276,Xã,
Thành phố Hà Nội,01,Huyện Phú Xuyên,280,Xã Phượng Dực,10279,Xã,
Thành phố Hà Nội,01,Huyện Phú Xuyên,280,Xã Văn Nhân,10282,Xã,
Thành phố Hà Nội,01,Huyện Phú Xuyên,280,Xã Thụy Phú,10285,Xã,
Thành phố Hà Nội,01,Huyện Phú Xuyên,280,Xã Tri Trung,10288,Xã,
Thành phố Hà Nội,01,Huyện Phú Xuyên,280,Xã Đại Thắng,10291,Xã,
Thành phố Hà Nội,01,Huyện Phú Xuyên,280,Xã Phú Túc,10294,Xã,
Thành phố Hà Nội,01,Huyện Phú Xuyên,280,Xã Văn Hoàng,10297,Xã,
Thành phố Hà Nội,01,Huyện Phú Xuyên,280,Xã Hồng Thái,10300,Xã,
Thành phố Hà Nội,01,Huyện Phú Xuyên,280,Xã Hoàng Long,10303,Xã,
Thành phố Hà Nội,01,Huyện Phú Xuyên,280,Xã Quang Trung,10306,Xã,
Thành phố Hà Nội,01,Huyện Phú Xuyên,280,Xã Nam Phong,10309,Xã,
Thành phố Hà Nội,01,Huyện Phú Xuyên,280,Xã Nam Triều,10312,Xã,
Thành phố Hà Nội,01,Huyện Phú Xuyên,280,Xã Tân Dân,10315,Xã,
Thành phố Hà Nội,01,Huyện Phú Xuyên,280,Xã Sơn Hà,10318,Xã,
Thành phố Hà Nội,01,Huyện Phú Xuyên,280,Xã Chuyên Mỹ,10321,Xã,
Thành phố Hà Nội,01,Huyện Phú Xuyên,280,Xã Khai Thái,10324,Xã,
Thành phố Hà Nội,01,Huyện Phú Xuyên,280,Xã Phúc Tiến,10327,Xã,
Thành phố Hà Nội,01,Huyện Phú Xuyên,280,Xã Vân Từ,10330,Xã,
Thành phố Hà Nội,01,Huyện Phú Xuyên,280,Xã Tri Thủy,10333,Xã,
Thành phố Hà Nội,01,Huyện Phú Xuyên,280,Xã Đại Xuyên,10336,Xã,
Thành phố Hà Nội,01,Huyện Phú Xuyên,280,Xã Phú Yên,10339,Xã,
Thành phố Hà Nội,01,Huyện Phú Xuyên,280,Xã Bạch Hạ,10342,Xã,
Thành phố Hà Nội,01,Huyện Phú Xuyên,280,Xã Quang Lãng,10345,Xã,
Thành phố Hà Nội,01,Huyện Phú Xuyên,280,Xã Châu Can,10348,Xã,
Thành phố Hà Nội,01,Huyện Phú Xuyên,280,Xã Minh Tân,10351,Xã,
Thành phố Hà Nội,01,Huyện Ứng Hòa,281,Thị trấn Vân Đình,10354,Thị trấn,
Thành phố Hà Nội,01,Huyện Ứng Hòa,281,Xã Viên An,10357,Xã,
Thành phố Hà Nội,01,Huyện Ứng Hòa,281,Xã Viên Nội,10360,Xã,
Thành phố Hà Nội,01,Huyện Ứng Hòa,281,Xã Hoa Sơn,10363,Xã,
Thành phố Hà Nội,01,Huyện Ứng Hòa,281,Xã Quảng Phú Cầu,10366,Xã,
Thành phố Hà Nội,01,Huyện Ứng Hòa,281,Xã Trường Thịnh,10369,Xã,
Thành phố Hà Nội,01,Huyện Ứng Hòa,281,Xã Cao Thành,10372,Xã,
Thành phố Hà Nội,01,Huyện Ứng Hòa,281,Xã Liên Bạt,10375,Xã,
Thành phố Hà Nội,01,Huyện Ứng Hòa,281,Xã Sơn Công,10378,Xã,
Thành phố Hà Nội,01,Huyện Ứng Hòa,281,Xã Đồng Tiến,10381,Xã,
Thành phố Hà Nội,01,Huyện Ứng Hòa,281,Xã Phương Tú,10384,Xã,
Thành phố Hà Nội,01,Huyện Ứng Hòa,281,Xã Trung Tú,10387,Xã,
Thành phố Hà Nội,01,Huyện Ứng Hòa,281,Xã Đồng Tân,10390,Xã,
Thành phố Hà Nội,01,Huyện Ứng Hòa,281,Xã Tảo Dương Văn,10393,Xã,
Thành phố Hà Nội,01,Huyện Ứng Hòa,281,Xã Vạn Thái,10396,Xã,
Thành phố Hà Nội,01,Huyện Ứng Hòa,281,Xã Minh Đức,10399,Xã,
Thành phố Hà Nội,01,Huyện Ứng Hòa,281,Xã Hòa Lâm,10402,Xã,
Thành phố Hà Nội,01,Huyện Ứng Hòa,281,Xã Hòa Xá,10405,Xã,
Thành phố Hà Nội,01,Huyện Ứng Hòa,281,Xã Trầm Lộng,10408,Xã,
Thành phố Hà Nội,01,Huyện Ứng Hòa,281,Xã Kim Đường,10411,Xã,
Thành phố Hà Nội,01,Huyện Ứng Hòa,281,Xã Hòa Nam,10414,Xã,
Thành phố Hà Nội,01,Huyện Ứng Hòa,281,Xã Hòa Phú,10417,Xã,
Thành phố Hà Nội,01,Huyện Ứng Hòa,281,Xã Đội Bình,10420,Xã,
Thành phố Hà Nội,01,Huyện Ứng Hòa,281,Xã Đại Hùng,10423,Xã,
Thành phố Hà Nội,01,Huyện Ứng Hòa,281,Xã Đông Lỗ,10426,Xã,
Thành phố Hà Nội,01,Huyện Ứng Hòa,281,Xã Phù Lưu,10429,Xã,
Thành phố Hà Nội,01,Huyện Ứng Hòa,281,Xã Đại Cường,10432,Xã,
Thành phố Hà Nội,01,Huyện Ứng Hòa,281,Xã Lưu Hoàng,10435,Xã,
Thành phố Hà Nội,01,Huyện Ứng Hòa,281,Xã Hồng Quang,10438,Xã,
Thành phố Hà Nội,01,Huyện Mỹ Đức,282,Thị trấn Đại Nghĩa,10441,Thị trấn,
Thành phố Hà Nội,01,Huyện Mỹ Đức,282,Xã Đồng Tâm,10444,Xã,
Thành phố Hà Nội,01,Huyện Mỹ Đức,282,Xã Thượng Lâm,10447,Xã,
Thành phố Hà Nội,01,Huyện Mỹ Đức,282,Xã Tuy Lai,10450,Xã,
Thành phố Hà Nội,01,Huyện Mỹ Đức,282,Xã Phúc Lâm,10453,Xã,
Thành phố Hà Nội,01,Huyện Mỹ Đức,282,Xã Mỹ Thành,10456,Xã,
Thành phố Hà Nội,01,Huyện Mỹ Đức,282,Xã Bột Xuyên,10459,Xã,
Thành phố Hà Nội,01,Huyện Mỹ Đức,282,Xã An Mỹ,10462,Xã,
Thành phố Hà Nội,01,Huyện Mỹ Đức,282,Xã Hồng Sơn,10465,Xã,
Thành phố Hà Nội,01,Huyện Mỹ Đức,282,Xã Lê Thanh,10468,Xã,
Thành phố Hà Nội,01,Huyện Mỹ Đức,282,Xã Xuy Xá,10471,Xã,
Thành phố Hà Nội,01,Huyện Mỹ Đức,282,Xã Phùng Xá,10474,Xã,
Thành phố Hà Nội,01,Huyện Mỹ Đức,282,Xã Phù Lưu Tế,10477,Xã,
Thành phố Hà Nội,01,Huyện Mỹ Đức,282,Xã Đại Hưng,10480,Xã,
Thành phố Hà Nội,01,Huyện Mỹ Đức,282,Xã Vạn Kim,10483,Xã,
Thành phố Hà Nội,01,Huyện Mỹ Đức,282,Xã Đốc Tín,10486,Xã,
Thành phố Hà Nội,01,Huyện Mỹ Đức,282,Xã Hương Sơn,10489,Xã,
Thành phố Hà Nội,01,Huyện Mỹ Đức,282,Xã Hùng Tiến,10492,Xã,
Thành phố Hà Nội,01,Huyện Mỹ Đức,282,Xã An Tiến,10495,Xã,
Thành phố Hà Nội,01,Huyện Mỹ Đức,282,Xã Hợp Tiến,10498,Xã,
Thành phố Hà Nội,01,Huyện Mỹ Đức,282,Xã Hợp Thanh,10501,Xã,
Thành phố Hà Nội,01,Huyện Mỹ Đức,282,Xã An Phú,10504,Xã,